{"firstLayout":"","gdVersion":{"build":99,"major":4,"minor":0,"revision":0},"properties":{"adaptGameResolutionAtRuntime":true,"antialiasingMode":"MSAA","antialisingEnabledOnMobile":false,"folderProject":true,"orientation":"portrait","packageName":"com.example.gamename","pixelsRounding":true,"projectUuid":"c96de161-3a7a-470d-a3c1-478813fa73a8","scaleMode":"nearest","sizeOnStartupMode":"adaptWidth","templateSlug":"","useExternalSourceFiles":false,"version":"1.0.0","name":"OceanGardensProject","description":"","author":"","windowWidth":720,"windowHeight":1280,"latestCompilationDirectory":"","maxFPS":60,"minFPS":20,"verticalSync":false,"platformSpecificAssets":{},"loadingScreen":{"backgroundColor":0,"backgroundFadeInDuration":0.2,"backgroundImageResourceName":"","gdevelopLogoStyle":"light","logoAndProgressFadeInDuration":0.2,"logoAndProgressLogoFadeInDelay":0.2,"minDuration":1.5,"progressBarColor":16777215,"progressBarHeight":20,"progressBarMaxWidth":200,"progressBarMinWidth":40,"progressBarWidthPercent":30,"showGDevelopSplash":true,"showProgressBar":true},"watermark":{"placement":"bottom-left","showWatermark":true},"authorIds":[],"authorUsernames":[],"categories":[],"playableDevices":[],"extensionProperties":[],"platforms":[{"name":"GDevelop JS platform"}],"currentPlatform":"GDevelop JS platform"},"resources":{"resources":[{"alwaysLoaded":false,"file":"assets/image/1146000c972c87c1d9d359fe8fb73ce2839a826f.png","kind":"image","metadata":"","name":"1146000c972c87c1d9d359fe8fb73ce2839a826f.png","smoothed":false,"userAdded":true,"origin":{"identifier":"https://project-resources.gdevelop.io/5cadfa89-6eee-47d5-acb5-85fdb8c45628/resources/e76974f13bdec89131697e791a812bf9c0eb74d955ab9434d7fa461316cce4bc-1146000c972c87c1d9d359fe8fb73ce2839a826f.png","name":"cloud-project-resource"}}],"resourceFolders":[]},"objects":[],"objectsGroups":[],"variables":[],"layouts":[{"b":209,"disableInputWhenNotFocused":true,"mangledName":"Untitled_32scene","name":"Untitled scene","r":209,"standardSortMethod":true,"stopSoundsOnStartup":true,"title":"","v":209,"uiSettings":{"grid":false,"gridType":"rectangular","gridWidth":32,"gridHeight":32,"gridOffsetX":0,"gridOffsetY":0,"gridColor":10401023,"gridAlpha":0.8,"snap":false,"zoomFactor":0.32169117647058865,"windowMask":false},"objectsGroups":[],"variables":[],"instances":[{"angle":0,"customSize":true,"depth":1,"height":362,"layer":"","name":"NewSprite","persistentUuid":"c8b9fd5f-e466-4a1b-8c39-8f76c001a7ec","width":246,"x":310,"y":458,"zOrder":1,"numberProperties":[],"stringProperties":[],"initialVariables":[]}],"objects":[{"adaptCollisionMaskAutomatically":true,"assetStoreId":"","name":"NewSprite","tags":"","type":"Sprite","updateIfNotVisible":false,"variables":[],"effects":[],"behaviors":[],"animations":[{"name":"","useMultipleDirections":false,"directions":[{"looping":false,"timeBetweenFrames":0.08,"sprites":[{"hasCustomCollisionMask":true,"image":"1146000c972c87c1d9d359fe8fb73ce2839a826f.png","points":[],"originPoint":{"name":"origine","x":0,"y":0},"centerPoint":{"automatic":true,"name":"centre","x":0,"y":0},"customCollisionMask":[[{"x":0,"y":0},{"x":1024,"y":0},{"x":1024,"y":1024},{"x":0,"y":1024}]]}]}]}]}],"events":[{"type":"BuiltinCommonInstructions::Standard","conditions":[{"type":{"value":"DepartScene"},"parameters":[""]}],"actions":[{"type":{"value":"PlayerAuthentication::DisplayAuthenticationBanner"},"parameters":[""]}]}],"layers":[{"ambientLightColorB":0,"ambientLightColorG":8042920,"ambientLightColorR":16,"camera3DFarPlaneDistance":10000,"camera3DFieldOfView":45,"camera3DNearPlaneDistance":0.1,"followBaseLayerCamera":false,"isLightingLayer":false,"isLocked":false,"name":"","renderingType":"","visibility":true,"cameras":[{"defaultSize":true,"defaultViewport":true,"height":0,"viewportBottom":1,"viewportLeft":0,"viewportRight":1,"viewportTop":0,"width":0}],"effects":[]}],"behaviorsSharedData":[{"name":"Animation","type":"AnimatableCapability::AnimatableBehavior"},{"name":"Effect","type":"EffectCapability::EffectBehavior"},{"name":"Flippable","type":"FlippableCapability::FlippableBehavior"},{"name":"Opacity","type":"OpacityCapability::OpacityBehavior"},{"name":"Resizable","type":"ResizableCapability::ResizableBehavior"},{"name":"Scale","type":"ScalableCapability::ScalableBehavior"}]}],"externalEvents":[],"eventsFunctionsExtensions":[],"externalLayouts":[],"externalSourceFiles":[]}